GEOID,GEOid2,GEO.display-label,Total; Estimate; Households,Total; Margin of Error; Households,Median income (dollars); Estimate; Households,Median income (dollars); Margin of Error; Households
25025000100,1400000US25025000100,"Census Tract 1, Suffolk County, Massachusetts",1498,117,69818,9257
25025000201,1400000US25025000201,"Census Tract 2.01, Suffolk County, Massachusetts",1381,94,80932,9754
25025000202,1400000US25025000202,"Census Tract 2.02, Suffolk County, Massachusetts",1385,83,66875,10836
25025000301,1400000US25025000301,"Census Tract 3.01, Suffolk County, Massachusetts",1042,110,86773,10689
25025000302,1400000US25025000302,"Census Tract 3.02, Suffolk County, Massachusetts",1261,84,72526,22866
25025000401,1400000US25025000401,"Census Tract 4.01, Suffolk County, Massachusetts",2502,194,47619,15934
25025000402,1400000US25025000402,"Census Tract 4.02, Suffolk County, Massachusetts",1288,107,60214,5590
25025000502,1400000US25025000502,"Census Tract 5.02, Suffolk County, Massachusetts",1710,110,51652,8455
25025000503,1400000US25025000503,"Census Tract 5.03, Suffolk County, Massachusetts",1238,85,56522,7444
25025000504,1400000US25025000504,"Census Tract 5.04, Suffolk County, Massachusetts",2466,125,48676,15616
25025000601,1400000US25025000601,"Census Tract 6.01, Suffolk County, Massachusetts",1349,90,58750,5300
25025000602,1400000US25025000602,"Census Tract 6.02, Suffolk County, Massachusetts",1766,90,25364,6533
25025000701,1400000US25025000701,"Census Tract 7.01, Suffolk County, Massachusetts",1944,146,49600,11187
25025000703,1400000US25025000703,"Census Tract 7.03, Suffolk County, Massachusetts",975,77,32002,2248
25025000704,1400000US25025000704,"Census Tract 7.04, Suffolk County, Massachusetts",2106,121,50577,12901
25025000802,1400000US25025000802,"Census Tract 8.02, Suffolk County, Massachusetts",2604,172,36000,17512
25025000803,1400000US25025000803,"Census Tract 8.03, Suffolk County, Massachusetts",606,74,44286,21805
25025010103,1400000US25025010103,"Census Tract 101.03, Suffolk County, Massachusetts",453,42,30717,7630
25025010104,1400000US25025010104,"Census Tract 101.04, Suffolk County, Massachusetts",1676,106,57500,14915
25025010203,1400000US25025010203,"Census Tract 102.03, Suffolk County, Massachusetts",3044,211,22306,12901
25025010204,1400000US25025010204,"Census Tract 102.04, Suffolk County, Massachusetts",947,96,31196,6780
25025010300,1400000US25025010300,"Census Tract 103, Suffolk County, Massachusetts",289,28,40662,9702
25025010403,1400000US25025010403,"Census Tract 104.03, Suffolk County, Massachusetts",1878,108,28351,15947
25025010404,1400000US25025010404,"Census Tract 104.04, Suffolk County, Massachusetts",1308,112,19595,12977
25025010405,1400000US25025010405,"Census Tract 104.05, Suffolk County, Massachusetts",837,59,19395,5168
25025010408,1400000US25025010408,"Census Tract 104.08, Suffolk County, Massachusetts",865,54,63036,5183
25025010500,1400000US25025010500,"Census Tract 105, Suffolk County, Massachusetts",1596,100,44333,9724
25025010600,1400000US25025010600,"Census Tract 106, Suffolk County, Massachusetts",2008,157,97988,21736
25025010701,1400000US25025010701,"Census Tract 107.01, Suffolk County, Massachusetts",1449,120,101117,13136
25025010702,1400000US25025010702,"Census Tract 107.02, Suffolk County, Massachusetts",1335,114,121553,13611
25025010801,1400000US25025010801,"Census Tract 108.01, Suffolk County, Massachusetts",1719,142,118590,11330
25025010802,1400000US25025010802,"Census Tract 108.02, Suffolk County, Massachusetts",1872,128,118125,14215
25025020101,1400000US25025020101,"Census Tract 201.01, Suffolk County, Massachusetts",2643,159,107019,21218
25025020200,1400000US25025020200,"Census Tract 202, Suffolk County, Massachusetts",2219,125,75287,13204
25025020301,1400000US25025020301,"Census Tract 203.01, Suffolk County, Massachusetts",1310,111,116193,25904
25025020302,1400000US25025020302,"Census Tract 203.02, Suffolk County, Massachusetts",571,52,84777,21085
25025020303,1400000US25025020303,"Census Tract 203.03, Suffolk County, Massachusetts",1735,140,79010,20701
25025030100,1400000US25025030100,"Census Tract 301, Suffolk County, Massachusetts",1316,81,86667,11364
25025030200,1400000US25025030200,"Census Tract 302, Suffolk County, Massachusetts",966,102,81607,14622
25025030300,1400000US25025030300,"Census Tract 303, Suffolk County, Massachusetts",2717,198,112639,25447
25025030400,1400000US25025030400,"Census Tract 304, Suffolk County, Massachusetts",1548,93,86512,13694
25025030500,1400000US25025030500,"Census Tract 305, Suffolk County, Massachusetts",1511,98,101910,7169
25025040100,1400000US25025040100,"Census Tract 401, Suffolk County, Massachusetts",1205,82,142688,19790
25025040200,1400000US25025040200,"Census Tract 402, Suffolk County, Massachusetts",700,56,37750,11831
25025040300,1400000US25025040300,"Census Tract 403, Suffolk County, Massachusetts",1970,115,102171,11659
25025040401,1400000US25025040401,"Census Tract 404.01, Suffolk County, Massachusetts",1258,80,79750,40581
25025040600,1400000US25025040600,"Census Tract 406, Suffolk County, Massachusetts",1369,66,123160,7125
25025040801,1400000US25025040801,"Census Tract 408.01, Suffolk County, Massachusetts",2147,93,59704,11898
25025050101,1400000US25025050101,"Census Tract 501.01, Suffolk County, Massachusetts",1925,67,41023,5063
25025050200,1400000US25025050200,"Census Tract 502, Suffolk County, Massachusetts",1879,109,54652,8564
25025050300,1400000US25025050300,"Census Tract 503, Suffolk County, Massachusetts",1024,59,15893,3801
25025050400,1400000US25025050400,"Census Tract 504, Suffolk County, Massachusetts",961,69,52572,3723
25025050500,1400000US25025050500,"Census Tract 505, Suffolk County, Massachusetts",745,53,48125,6098
25025050600,1400000US25025050600,"Census Tract 506, Suffolk County, Massachusetts",844,53,67222,13535
25025050700,1400000US25025050700,"Census Tract 507, Suffolk County, Massachusetts",1640,88,55238,7727
25025050901,1400000US25025050901,"Census Tract 509.01, Suffolk County, Massachusetts",1501,85,57386,9344
25025051000,1400000US25025051000,"Census Tract 510, Suffolk County, Massachusetts",1770,91,49241,7172
25025051101,1400000US25025051101,"Census Tract 511.01, Suffolk County, Massachusetts",2410,124,57454,12723
25025051200,1400000US25025051200,"Census Tract 512, Suffolk County, Massachusetts",1194,82,63967,14794
25025060101,1400000US25025060101,"Census Tract 601.01, Suffolk County, Massachusetts",1620,94,105606,18532
25025060200,1400000US25025060200,"Census Tract 602, Suffolk County, Massachusetts",1019,54,110298,21883
25025060301,1400000US25025060301,"Census Tract 603.01, Suffolk County, Massachusetts",1613,117,92898,21380
25025060400,1400000US25025060400,"Census Tract 604, Suffolk County, Massachusetts",2563,124,100112,10769
25025060501,1400000US25025060501,"Census Tract 605.01, Suffolk County, Massachusetts",1895,118,104970,8405
25025060600,1400000US25025060600,"Census Tract 606, Suffolk County, Massachusetts",1645,128,122264,8902
25025060700,1400000US25025060700,"Census Tract 607, Suffolk County, Massachusetts",854,43,19907,4688
25025060800,1400000US25025060800,"Census Tract 608, Suffolk County, Massachusetts",2148,131,101778,12304
25025061000,1400000US25025061000,"Census Tract 610, Suffolk County, Massachusetts",1367,117,22133,6802
25025061101,1400000US25025061101,"Census Tract 611.01, Suffolk County, Massachusetts",1046,65,14500,1890
25025061200,1400000US25025061200,"Census Tract 612, Suffolk County, Massachusetts",2150,114,117378,21883
25025070101,1400000US25025070101,"Census Tract 701.01, Suffolk County, Massachusetts",3070,218,83750,33424
25025070200,1400000US25025070200,"Census Tract 702, Suffolk County, Massachusetts",1715,87,21712,4636
25025070300,1400000US25025070300,"Census Tract 703, Suffolk County, Massachusetts",2682,152,101884,24328
25025070402,1400000US25025070402,"Census Tract 704.02, Suffolk County, Massachusetts",807,50,21480,3776
25025070500,1400000US25025070500,"Census Tract 705, Suffolk County, Massachusetts",2927,171,101583,34785
25025070600,1400000US25025070600,"Census Tract 706, Suffolk County, Massachusetts",1236,104,129884,15693
25025070700,1400000US25025070700,"Census Tract 707, Suffolk County, Massachusetts",1346,84,102000,33691
25025070800,1400000US25025070800,"Census Tract 708, Suffolk County, Massachusetts",2042,130,71667,46051
25025070900,1400000US25025070900,"Census Tract 709, Suffolk County, Massachusetts",1560,118,47688,7517
25025071101,1400000US25025071101,"Census Tract 711.01, Suffolk County, Massachusetts",2095,132,53173,27399
25025071201,1400000US25025071201,"Census Tract 712.01, Suffolk County, Massachusetts",1391,89,50280,15647
25025080100,1400000US25025080100,"Census Tract 801, Suffolk County, Massachusetts",715,52,30598,10440
25025080300,1400000US25025080300,"Census Tract 803, Suffolk County, Massachusetts",820,69,31625,7098
25025080401,1400000US25025080401,"Census Tract 804.01, Suffolk County, Massachusetts",1365,54,31042,13764
25025080500,1400000US25025080500,"Census Tract 805, Suffolk County, Massachusetts",1341,65,23194,7142
25025080601,1400000US25025080601,"Census Tract 806.01, Suffolk County, Massachusetts",910,50,16250,4602
25025080801,1400000US25025080801,"Census Tract 808.01, Suffolk County, Massachusetts",941,63,22450,6833
25025080900,1400000US25025080900,"Census Tract 809, Suffolk County, Massachusetts",1492,82,50988,7654
25025081001,1400000US25025081001,"Census Tract 810.01, Suffolk County, Massachusetts",2138,116,20902,3342
25025081100,1400000US25025081100,"Census Tract 811, Suffolk County, Massachusetts",1623,87,41146,10061
25025081200,1400000US25025081200,"Census Tract 812, Suffolk County, Massachusetts",1247,85,30819,11275
25025081300,1400000US25025081300,"Census Tract 813, Suffolk County, Massachusetts",2155,132,18275,5460
25025081400,1400000US25025081400,"Census Tract 814, Suffolk County, Massachusetts",1246,93,34107,10124
25025081500,1400000US25025081500,"Census Tract 815, Suffolk County, Massachusetts",894,65,33967,7640
25025081700,1400000US25025081700,"Census Tract 817, Suffolk County, Massachusetts",1506,115,30563,8199
25025081800,1400000US25025081800,"Census Tract 818, Suffolk County, Massachusetts",1438,100,35084,8263
25025081900,1400000US25025081900,"Census Tract 819, Suffolk County, Massachusetts",1405,85,20848,8524
25025082000,1400000US25025082000,"Census Tract 820, Suffolk County, Massachusetts",1135,96,36685,11250
25025082100,1400000US25025082100,"Census Tract 821, Suffolk County, Massachusetts",2105,133,18045,5958
25025090100,1400000US25025090100,"Census Tract 901, Suffolk County, Massachusetts",1786,118,28362,7169
25025090200,1400000US25025090200,"Census Tract 902, Suffolk County, Massachusetts",800,59,27045,8299
25025090300,1400000US25025090300,"Census Tract 903, Suffolk County, Massachusetts",1289,69,30794,6944
25025090400,1400000US25025090400,"Census Tract 904, Suffolk County, Massachusetts",1290,87,31031,3103
25025090600,1400000US25025090600,"Census Tract 906, Suffolk County, Massachusetts",787,57,40950,7093
25025090700,1400000US25025090700,"Census Tract 907, Suffolk County, Massachusetts",1832,101,65273,17352
25025090901,1400000US25025090901,"Census Tract 909.01, Suffolk County, Massachusetts",1461,82,27578,9021
25025091001,1400000US25025091001,"Census Tract 910.01, Suffolk County, Massachusetts",1349,79,74215,15055
25025091100,1400000US25025091100,"Census Tract 911, Suffolk County, Massachusetts",1883,111,67150,12677
25025091200,1400000US25025091200,"Census Tract 912, Suffolk County, Massachusetts",1137,83,64280,23379
25025091300,1400000US25025091300,"Census Tract 913, Suffolk County, Massachusetts",854,46,35938,10714
25025091400,1400000US25025091400,"Census Tract 914, Suffolk County, Massachusetts",950,68,42647,9625
25025091500,1400000US25025091500,"Census Tract 915, Suffolk County, Massachusetts",1613,83,48678,6516
25025091600,1400000US25025091600,"Census Tract 916, Suffolk County, Massachusetts",1062,81,37154,7514
25025091700,1400000US25025091700,"Census Tract 917, Suffolk County, Massachusetts",1006,55,40078,6093
25025091800,1400000US25025091800,"Census Tract 918, Suffolk County, Massachusetts",1152,90,38371,6189
25025091900,1400000US25025091900,"Census Tract 919, Suffolk County, Massachusetts",1305,89,46397,16513
25025092000,1400000US25025092000,"Census Tract 920, Suffolk County, Massachusetts",1602,103,46576,8108
25025092101,1400000US25025092101,"Census Tract 921.01, Suffolk County, Massachusetts",2237,150,49559,3928
25025092200,1400000US25025092200,"Census Tract 922, Suffolk County, Massachusetts",1133,92,67042,13555
25025092300,1400000US25025092300,"Census Tract 923, Suffolk County, Massachusetts",1096,62,43729,6108
25025092400,1400000US25025092400,"Census Tract 924, Suffolk County, Massachusetts",2080,127,29048,7200
25025100100,1400000US25025100100,"Census Tract 1001, Suffolk County, Massachusetts",2010,99,28279,4973
25025100200,1400000US25025100200,"Census Tract 1002, Suffolk County, Massachusetts",927,62,37203,1842
25025100300,1400000US25025100300,"Census Tract 1003, Suffolk County, Massachusetts",1193,80,50292,10627
25025100400,1400000US25025100400,"Census Tract 1004, Suffolk County, Massachusetts",1790,120,68448,20080
25025100500,1400000US25025100500,"Census Tract 1005, Suffolk County, Massachusetts",2318,147,51938,13817
25025100601,1400000US25025100601,"Census Tract 1006.01, Suffolk County, Massachusetts",2187,134,62583,8586
25025100603,1400000US25025100603,"Census Tract 1006.03, Suffolk County, Massachusetts",882,57,81324,14947
25025100700,1400000US25025100700,"Census Tract 1007, Suffolk County, Massachusetts",1925,91,71341,8851
25025100800,1400000US25025100800,"Census Tract 1008, Suffolk County, Massachusetts",2703,127,73868,8539
25025100900,1400000US25025100900,"Census Tract 1009, Suffolk County, Massachusetts",1623,108,63271,8936
25025101001,1400000US25025101001,"Census Tract 1010.01, Suffolk County, Massachusetts",2195,160,40764,5806
25025101002,1400000US25025101002,"Census Tract 1010.02, Suffolk County, Massachusetts",2076,156,37588,13630
25025101101,1400000US25025101101,"Census Tract 1011.01, Suffolk County, Massachusetts",1083,67,56903,6446
25025101102,1400000US25025101102,"Census Tract 1011.02, Suffolk County, Massachusetts",1558,98,42949,5755
25025110103,1400000US25025110103,"Census Tract 1101.03, Suffolk County, Massachusetts",2352,123,67027,16709
25025110201,1400000US25025110201,"Census Tract 1102.01, Suffolk County, Massachusetts",913,39,44449,6964
25025110301,1400000US25025110301,"Census Tract 1103.01, Suffolk County, Massachusetts",938,66,77500,14198
25025110401,1400000US25025110401,"Census Tract 1104.01, Suffolk County, Massachusetts",1414,55,58864,10167
25025110403,1400000US25025110403,"Census Tract 1104.03, Suffolk County, Massachusetts",1749,103,77243,19267
25025110501,1400000US25025110501,"Census Tract 1105.01, Suffolk County, Massachusetts",1364,91,78333,17062
25025110502,1400000US25025110502,"Census Tract 1105.02, Suffolk County, Massachusetts",1786,94,80750,14920
25025110601,1400000US25025110601,"Census Tract 1106.01, Suffolk County, Massachusetts",1172,91,85735,30106
25025110607,1400000US25025110607,"Census Tract 1106.07, Suffolk County, Massachusetts",2222,127,105319,14434
25025120103,1400000US25025120103,"Census Tract 1201.03, Suffolk County, Massachusetts",671,41,131484,16771
25025120104,1400000US25025120104,"Census Tract 1201.04, Suffolk County, Massachusetts",1092,64,85321,7082
25025120105,1400000US25025120105,"Census Tract 1201.05, Suffolk County, Massachusetts",945,47,137750,28883
25025120201,1400000US25025120201,"Census Tract 1202.01, Suffolk County, Massachusetts",1741,90,50366,5342
25025120301,1400000US25025120301,"Census Tract 1203.01, Suffolk County, Massachusetts",1971,112,68482,13797
25025120400,1400000US25025120400,"Census Tract 1204, Suffolk County, Massachusetts",2852,102,84007,8011
25025120500,1400000US25025120500,"Census Tract 1205, Suffolk County, Massachusetts",919,58,68413,8574
25025120600,1400000US25025120600,"Census Tract 1206, Suffolk County, Massachusetts",1049,71,99911,14623
25025120700,1400000US25025120700,"Census Tract 1207, Suffolk County, Massachusetts",1059,62,85788,8041
25025130100,1400000US25025130100,"Census Tract 1301, Suffolk County, Massachusetts",2858,126,81563,13475
25025130200,1400000US25025130200,"Census Tract 1302, Suffolk County, Massachusetts",1935,74,103438,5193
25025130300,1400000US25025130300,"Census Tract 1303, Suffolk County, Massachusetts",1764,81,114697,11021
25025130402,1400000US25025130402,"Census Tract 1304.02, Suffolk County, Massachusetts",2109,137,66005,6289
25025130404,1400000US25025130404,"Census Tract 1304.04, Suffolk County, Massachusetts",1303,92,62208,24647
25025130406,1400000US25025130406,"Census Tract 1304.06, Suffolk County, Massachusetts",2330,114,46695,6987
25025140102,1400000US25025140102,"Census Tract 1401.02, Suffolk County, Massachusetts",1707,79,71250,9354
25025140105,1400000US25025140105,"Census Tract 1401.05, Suffolk County, Massachusetts",1351,65,76285,14620
25025140106,1400000US25025140106,"Census Tract 1401.06, Suffolk County, Massachusetts",857,74,33185,5865
25025140107,1400000US25025140107,"Census Tract 1401.07, Suffolk County, Massachusetts",1004,65,65000,4609
25025140201,1400000US25025140201,"Census Tract 1402.01, Suffolk County, Massachusetts",947,37,77832,3408
25025140202,1400000US25025140202,"Census Tract 1402.02, Suffolk County, Massachusetts",2181,71,67359,8170
25025140300,1400000US25025140300,"Census Tract 1403, Suffolk County, Massachusetts",2413,179,54505,13853
25025140400,1400000US25025140400,"Census Tract 1404, Suffolk County, Massachusetts",3003,89,68042,13187
25025160101,1400000US25025160101,"Census Tract 1601.01, Suffolk County, Massachusetts",2197,117,61518,19290
25025160200,1400000US25025160200,"Census Tract 1602, Suffolk County, Massachusetts",1205,82,51250,5030
25025160300,1400000US25025160300,"Census Tract 1603, Suffolk County, Massachusetts",1309,57,57478,6988
25025160400,1400000US25025160400,"Census Tract 1604, Suffolk County, Massachusetts",1104,62,44667,7019
25025160501,1400000US25025160501,"Census Tract 1605.01, Suffolk County, Massachusetts",1756,113,41117,9225
25025160502,1400000US25025160502,"Census Tract 1605.02, Suffolk County, Massachusetts",1668,96,46250,8376
25025160601,1400000US25025160601,"Census Tract 1606.01, Suffolk County, Massachusetts",1477,93,51915,7518
25025160602,1400000US25025160602,"Census Tract 1606.02, Suffolk County, Massachusetts",1687,83,52827,6450
25025170100,1400000US25025170100,"Census Tract 1701, Suffolk County, Massachusetts",2797,158,53351,7642
25025170200,1400000US25025170200,"Census Tract 1702, Suffolk County, Massachusetts",1660,94,49348,11549
25025170300,1400000US25025170300,"Census Tract 1703, Suffolk County, Massachusetts",3413,173,67321,20234
25025170400,1400000US25025170400,"Census Tract 1704, Suffolk County, Massachusetts",2241,124,44515,5693
25025170501,1400000US25025170501,"Census Tract 1705.01, Suffolk County, Massachusetts",1633,107,45257,8714
25025170502,1400000US25025170502,"Census Tract 1705.02, Suffolk County, Massachusetts",1443,77,51905,8903
25025170601,1400000US25025170601,"Census Tract 1706.01, Suffolk County, Massachusetts",1928,111,63103,9035
25025170701,1400000US25025170701,"Census Tract 1707.01, Suffolk County, Massachusetts",965,60,41635,4378
25025170702,1400000US25025170702,"Census Tract 1707.02, Suffolk County, Massachusetts",2183,141,51073,16896
25025170800,1400000US25025170800,"Census Tract 1708, Suffolk County, Massachusetts",1965,140,50745,8692
25025180101,1400000US25025180101,"Census Tract 1801.01, Suffolk County, Massachusetts",2282,148,44179,15936
25025180200,1400000US25025180200,"Census Tract 1802, Suffolk County, Massachusetts",1512,96,69318,16253
25025180301,1400000US25025180301,"Census Tract 1803.01, Suffolk County, Massachusetts",1208,75,82159,18732
25025180400,1400000US25025180400,"Census Tract 1804, Suffolk County, Massachusetts",761,64,81250,27792
25025180500,1400000US25025180500,"Census Tract 1805, Suffolk County, Massachusetts",1936,110,62172,8665
25025980101,1400000US25025980101,"Census Tract 9801.01, Suffolk County, Massachusetts",0,12,-,**
25025980300,1400000US25025980300,"Census Tract 9803, Suffolk County, Massachusetts",0,12,-,**
25025980700,1400000US25025980700,"Census Tract 9807, Suffolk County, Massachusetts",8,6,-,**
25025981000,1400000US25025981000,"Census Tract 9810, Suffolk County, Massachusetts",0,12,-,**
25025981100,1400000US25025981100,"Census Tract 9811, Suffolk County, Massachusetts",147,48,36979,30410
25025981201,1400000US25025981201,"Census Tract 9812.01, Suffolk County, Massachusetts",0,12,-,**
25025981202,1400000US25025981202,"Census Tract 9812.02, Suffolk County, Massachusetts",0,12,-,**
25025981300,1400000US25025981300,"Census Tract 9813, Suffolk County, Massachusetts",252,41,101875,27470
25025981501,1400000US25025981501,"Census Tract 9815.01, Suffolk County, Massachusetts",0,12,-,**
25025981502,1400000US25025981502,"Census Tract 9815.02, Suffolk County, Massachusetts",4,5,-,**
25025981600,1400000US25025981600,"Census Tract 9816, Suffolk County, Massachusetts",0,12,-,**
25025981700,1400000US25025981700,"Census Tract 9817, Suffolk County, Massachusetts",0,12,-,**
25025981800,1400000US25025981800,"Census Tract 9818, Suffolk County, Massachusetts",30,9,197500,85653
25025990101,1400000US25025990101,"Census Tract 9901.01, Suffolk County, Massachusetts",0,12,-,**
